Year;//?province;Season;Pollution source;???action plan;Land use;Monitoring station;Pm2.5;What is pm10 level?;What is so2 level?;No2;??co //;O3
2004; Izmir;WINTER;RESIDENTIAL;NOT IMPLEMENTED;nabrU;D noitatS;156.7876498;43.53975293;62.90771649;73.28755903;0.723084695;44.32297551
2004;Izmir ; Spring;laitnediseR;Not Implemented!!;Suburban ;A noitatS;91.06841189;52.87627078;5.802346563;NA ;8.800923345;30.65555428
2004;IZMIR;SUMMER;NaturaL;NOT IMPLEMENTED; Urban;Station B!!;23.43102118;50.24164848;20.30370777;27.16771206;4.826758428;24.64952551
2004;IzmiR;Autumn ;RESIDENTIAL;Not ImplementeD;Urban ;Station C;66.99356903;160.5825558;83.4620889;72.20007347;2.065336783;67.13219238
2004;Aydin ;retniW;lairtsudnI;not implemented;nabrubuS;B noitatS;33.98969107;50.06362496;77.14329892;62.0771187;4.737766247;44.54061795
2004; Aydin;gnirpS;TRAFFIC;Not Implemented!!;Urban!!; Station B;106.5504439;22.66536767;36.36298376;66.84518083;9.034845224;22.06763246
2004;AYDIN;NA; Residential; Not Implemented;laruR;Station D!!;115.0358795;199.7265533;38.92744152;NA;0.406608974;70.46536274
2004;Aydin!!;AutumN;Traffic ;Implemented ;laruR;STATION A;20.34049544;14.71527017;54.28833449;53.40310081;2.821467017;58.68186689
2004;Denizli ;retniW;TRAFFIC;detnemelpmI toN;Urban!!;station c;94.06833437;185.5660086;2.023618459;150.2319279;0.637078133;86.57384522
2004;Denizli ;SPRING; Traffic;IMPLEMENTED;Suburban!!;STATION B;123.1206331;79.41969989;25.64194493;73.91691455;4.261320353;16.16021039
2004; Denizli;AN;Residential!!;not implemented;Rural!!;;140.743641;169.9069374;22.40671724;97.8599626;8.961490288;79.63832718
2004;ilzineD;autumn;laitnediseR;Not Implemented ;Suburban!!;station a;79.46009068;115.3778933;26.54732878;17.57592886;9.828258874;68.98409475
NA; Manisa;WINTER;;detnemelpmI;Rural!!;STATION B;171.3485849;199.440927;80.97877257;50.68849869;;15.926039
2004;Manisa ;SPRING;industrial;Not Implemented ;nabrU; Station A;82.67490072;185.9766674;-29.40803794;56.85873137;2.550319753;71.00796934
2004;MANISA;Summer!!;TraffiC;detnemelpmI;SUBURBAN;station b;62.15762172;11.72865444;20.76908956;70.49047464;9.067908961;46.94699244
2004;asinaM;nmutuA;industrial; Not Implemented;SUBURBAN;station b;;24.32831344;51.41781916;104.0280548;5.21085345;94.77355463
AN; Mugla;retniW;ciffarT;Implemented!!;suburban;Station B ;91.77899162;63.32497448;86.83321356;14.00889504;1.62211819;18.45307831
2004;MuglA;SPRING;Natural ;Not Implemented ;RURAL;station c;73.42586403;137.1699291;NA;13.34610178;9.225094028;NA
2004; Mugla;summer;TRAFFIC;Implemented ; NA;station b;76.09531096;178.7717173;9.696551794;102.7865364;7.598943602;41.28810432
2004;Mugla ;autumn;Traffic ;Implemented ;RURAL;Station D ;127.7838253;97.38897075;36.92766411;29.47775989;7.3438822;95.89739371
2004;Usak ; Winter;residential;Not Implemented!!;nabrU;A noitatS;150.7578283;137.8573813;75.26987881;106.4786115;10.68133345;36.34761505
2004;Usak!!;spring;IndustriaL;not implemented;Rural!!;C noitatS;63.5103989;45.81497203;55.96767338;67.43098522;2.083364229;96.4076614
2004; Usak;remmuS; Natural;detnemelpmI;Urban!!;Station A ;53.32847968;162.9436984;82.04575022;131.0175924;3.283449372;90.64115585
2004;Usak ;AutumN;IndustriaL; Not Implemented;SuburbaN;Station C!!;76.32956349;193.7923412; NA;19.38522463;6.914100684;30.68640735
2005;IzmiR;Winter!!;AN;Implemented ;SuburbaN;station d;105.6624167;;79.68092272;19.92504106;2.275255226;81.3364688
2005;izmir;SPRING;ciffarT;Not ImplementeD;UrbaN;station c;39.55889554;104.0169308;61.17270173;89.74434486;6.664274698;99.58239917
2005;rimzI;Summer ;Residential ;Implemented!!;laruR;Station C ;120.1234873;na;50.34747563;113.8335451;7.841818073;29.00298521
AN;izmir;Autumn!!; Residential;not implemented; Urban;Station C ;75.54000103;116.2359647;5.926770462;68.54216488;11.79169489;46.49383109
2005;nidyA;WinteR;Industrial ;detnemelpmI;SUBURBAN;Station A!!;64.12392543;116.0817393;98.46355392;42.59834153;4.587291548;54.41716997
2005;AydiN;Spring ;RESIDENTIAL;Not Implemented!!;nabrubuS; Station B;20.48904398;37.44293199;39.58115001;74.76927217;7.942680389;33.0184579
2005; Aydin;Summer!!;Industrial!!; Implemented;urban;A noitatS;39.63254826;-93.99258049;16.91836496;145.6020658;NA;6.450159766
2005;Aydin!!;autumn; Industrial; Implemented;Rural!!;STATION B;142.6457699;73.4798839;67.33746783;101.2467008;6.582279938;25.9122782
2005;Denizli ;retniW;Natural!!;detnemelpmI toN;RuraL; Station A;59.08734551;120.0626529;NA!!;119.4806152;;31.78400401
2005;Denizli ;SprinG;IndustriaL;Not Implemented ;Urban ;Station D;29.48459696;121.2743237;59.40627055;9.874003189;4.219074939;47.14197163
2005;Denizli ;Summer ;NATURAL; Implemented;urban;D noitatS;71.79755479;11.61415994;59.50325497;23.37229263;4.825391158;21.25473545
2005; Denizli;AutumN;Residential!!;implemented;RuraL;station c;49.52772279;154.5911368;45.68152245;75.08879279;1.256360667;87.95916389
NA;AN;Winter!!;;Implemented!!; Suburban;Station D;12.11770955;NA;83.93962432;99.36629052;2.804280242;71.96655761
2005;ManisA;gnirpS;industrial;implemented;urban; Station C;51.85605651;79.59441338;27.96677203;49.14402917;3.261360481;13.09404537
2005;Manisa ;SummeR;TraffiC;Not Implemented ;laruR;Station B ;83.89575047;20.05782776;45.96599398;32.50927512;4.607754623;66.75878286
2005;manisa;Autumn ;Industrial!!;implemented;RURAL;Station D!!;84.99829394;153.4371826;54.6938286;95.50221693;9.093531724;67.09736526
2005;Mugla ;WINTER;INDUSTRIAL;implemented;Suburban!!;B noitatS;68.04125228;210.6316085;67.03522264;11.48391319;1.134355136;95.8410115
2005; NA;NA!!;Traffic!!;IMPLEMENTED; NA;Station A!!;69.85889966;55.62880324;78.82924135;47.47900447;7.230652447;5.286982779
2005;MuglA;SUMMER;ciffarT;not implemented; Suburban;Station B;145.0000981;71.46967661;40.69111372;63.1680606;;28.55358273
2005;Mugla!!;autumn;Residential ;detnemelpmI;Suburban ;A noitatS;59.7155292;44.924449;65.31260052;69.44009755;1.047966567;93.14019054
2005;UsaK;WINTER;industrial;NA!!;suburban; Station B;50.93146551;131.5796498;16.7598734;88.79074303;9.233466809;93.55272196
2005;usak;SPRING;laitnediseR;NOT IMPLEMENTED;Urban ;station b;40.30272139;39.41986498;93.39951385;59.54943565;8.591812202;73.45570984
2005;NA ; Summer;laitnediseR;Not Implemented!!;RURAL;STATION D;71.37586884;77.67684926;39.53976303;75.45869964;3.700882659;77.7475155
NA ;Usak ;Autumn!!;TRAFFIC;Not Implemented!!;UrbaN;Station B!!;115.1304216;142.4324726;73.49309935;94.01362571;11.38459796;13.690881
2006;IZMIR;na;Natural ;Not Implemented ;URBAN;Station D!!;41.84194405;128.0642404;3.993426024;88.36860705;3.971877057;53.8182043
2006;rimzI;SPRING;Residential ;Not Implemented ;UrbaN;STATION D;107.8479384;83.42788722;22.10834;102.2522523;10.44862108;27.00038417
2006;izmir;remmuS; Natural;NOT IMPLEMENTED;Urban ;Station C!!;8.066724386;89.84742434;49.73408934;45.28765107;0.739711432;22.21571414
2006;IZMIR;Autumn ;IndustriaL; Implemented;Urban!!;Station C!!;65.74528181;116.8010677;NA;;12.61520936;81.97881342
2006;AydiN;WINTER;traffic;ImplementeD;NA;A noitatS; NA;12.22572813;53.6710047;18.71624228;4.536891386;17.82862298
2006;Aydin!!;spring;IndustriaL;Not Implemented ;Suburban ;B noitatS; NA;24.91687501;93.12730726;30.82697401;6.403259852;49.52190551
2006;nidyA;SUMMER;INDUSTRIAL;ImplementeD;rural;STATION A;86.74187971;177.4390329;49.41209587;62.52276259;2.290254416;94.16493276
2006;aydin;Autumn ;traffic;Implemented ;Urban ;Station B;34.72198876;24.79700793;50.06401148;132.1461912;10.20454463;22.65404528
2006;Denizli ;na; Industrial;Not Implemented ;Rural ;station c;135.1071981;158.7219516;13.73518527;85.64873434;7.745178731;97.90937526
2006;DenizlI;Spring!!;Traffic!!;Implemented!!;nabrubuS; Station C;12.58046997;184.8072512;80.66031193;95.73966948;4.78481055;99.45735865
2006;na;summer;larutaN;NOT IMPLEMENTED;SUBURBAN; Station B;128.6186835;61.42988482;26.20261042;45.36219675;6.215496548;57.78362969
2006;Denizli ;Autumn!!;industrial;Implemented!!;Suburban!!;Station B;33.73847603;80.39337304;90.16202396;51.53518029;4.617626646;21.16356032
2006;asinaM;winter;TraffiC;detnemelpmI toN;Urban!!;Station C!!;158.1452575;129.9045738;91.26077359;65.35544196;13.42725683;35.02996435
2006;NA ;SprinG;laitnediseR;Not Implemented!!;nabrU;station c;NA ;177.5247042;94.44439096;35.18504107;7.543357331;45.3268191
2006;Manisa!!;Summer ;INDUSTRIAL;ImplementeD;SuburbaN;NA;109.7891183;;52.98258793;12.03991569;8.433906219;34.38580131
2006;ManisA;Autumn ;NaturaL;ImplementeD; Rural;Station C;51.28766818;150.5170171;68.35519091;72.95535068;8.033385377;31.66038009
2006; Mugla;winter;Traffic!!;detnemelpmI toN;RuraL;STATION B;163.6286308;29.10353002;78.29455625;118.7599186;4.163997731;97.36182238
2006;Mugla ;SprinG;INDUSTRIAL;not implemented;Suburban!!;A noitatS;23.3623832;137.1392896;14.83943263;24.18541607;2.377836469;19.5696586
2006;Mugla!!;SUMMER;Industrial!!;not implemented;Rural ;Station B!!;30.88536944;87.95770716;60.89380511;10.36875429;4.120213112;74.66615133
2006; Mugla;Autumn ;Industrial!!;detnemelpmI;nabrubuS;Station D ;76.48936815;99.4331899;5.361194328;94.64614341;8.27955202;5.038977497
2006;UsaK;Winter!!;larutaN;detnemelpmI;rural;STATION A;20.25728839;21.27201358;AN;34.04739077;2.353562105;61.63735359
2006;kasU;Spring!!;TRAFFIC;Implemented!!;SUBURBAN;Station B;33.41712678;46.30180648;17.1745828;100.4090376;5.291919824;92.01458538
2006;kasU;remmuS;RESIDENTIAL;detnemelpmI;RURAL;Station C!!;141.8461254;160.1975854;19.92644674;85.95271671;8.080357805;32.35373894
2006;UsaK; Autumn;residential;NOT IMPLEMENTED;URBAN;station d;146.5910009;96.25217828;37.77466154;147.8781938;5.399140506;22.62496765
2007;IzmiR;WinteR;ResidentiaL;not implemented;Suburban ;Station B;71.4691233;74.0474085;44.37884234;52.02663211;6.457875406;66.90958051
2007;izmir; Spring;TRAFFIC;not implemented;suburban;A noitatS;138.876473;82.96362405;63.0708976;81.12653154;2.531752583;72.69713369
2007;Izmir!!; Summer;residential; Not Implemented;laruR; Station B;83.99957797;172.3359075;9.293985007;58.45829979;;70.3628993
2007;Izmir!!;Autumn!!;Natural ;detnemelpmI;nabrubuS;station d;44.11265755;152.3098133;51.3617926;77.51770019;7.964403828;35.3351036
2007;AydiN;retniW;Traffic ;Not Implemented ;SUBURBAN;STATION A;128.2173775;NA;19.89726276;56.70387419;1.079789372;28.95922821
2007;AYDIN; Spring;Industrial ;Not Implemented ;suburban;STATION D;100.540762;32.32534964;58.24956715;26.69270834;2.786675811;95.812286
2007;AYDIN; Summer; Natural;AN;urban;station b;148.4231713;57.87966211;64.465652;82.43066369;12.84837492;92.71345329
2007; Aydin;autumn;INDUSTRIAL;IMPLEMENTED;na;STATION C;43.43185667;184.9437257;56.55750714;85.52333811;5.295068913;48.44507794
2007; Denizli;winter; Residential;Not Implemented ;Rural!!;Station C;122.9383535;132.5520671;74.35296003;98.21944255;9.73314896;85.38841728
2007;DENIZLI;spring;NaturaL; Implemented;Urban!!;Station B!!;12.54344448;111.3612397;34.88970594;116.4603455;14.69905487;47.97073038
2007;DenizlI;SUMMER;TRAFFIC;Not ImplementeD;RURAL;;21.47867561;123.3147839;76.98044598;81.33603675;2.755932602;45.31695672
2007;DenizlI; Autumn;natural;detnemelpmI;urban;STATION B;5.568164368;79.54537049;44.41117401;23.45137079;0.7585266;19.89248002
2007; Manisa;WINTER; Industrial;IMPLEMENTED; NA;A noitatS;179.9061585;179.6853672;NA ;87.87087343;7.080126514;45.50857537
2007;Manisa ;gnirpS; Traffic;NOT IMPLEMENTED;urban;Station D!!;121.3296861;109.4243874;65.51400847;81.29562087;;56.05460917
2007;NA;SummeR;NaturaL;Implemented!!;nabrU;Station D;;32.18210153;3.799121632;140.1678806;1.646179733;7.137911106
2007;MANISA;Autumn!!; Natural;NOT IMPLEMENTED;laruR;Station D ;78.91028092;34.52237372;66.0914337;110.7851574;7.104475908;47.19073549
2007;Mugla!!; Winter;Natural!!;Implemented ;NA;STATION B;58.21167243;123.2035616;-62.62134461;11.34300792;0.4086316;79.22884075
2007;MuglA;Spring!!;natural;ImplementeD; Suburban;NA;26.93332125;187.9483414;NA;99.37377944;8.714947236;69.60437536
2007;MuglA;SummeR;Traffic ;Implemented ;urban;AN;46.27783713;68.58690312;10.40783992;12.13575987;2.208990057;65.33991394
NA;Mugla ;autumn;industrial;NA;RuraL;Station A;59.51582718;175.2128221;NA ;47.22450695;1.3603876;91.4077657
2007; Usak; Winter;NA!!;detnemelpmI; Suburban;C noitatS;137.5979569;170.6959776;92.4759272;67.3644972;1.83915575;6.713040933
2007;UsaK;Spring ;TraffiC;Not ImplementeD;RURAL;NA;83.25095939;57.08436415;69.54937348;22.03159184;9.606636949;57.91952069
2007;kasU;SUMMER;IndustriaL;detnemelpmI;nabrubuS; Station B;16.23512585;16.90474218;14.45605615;90.82608845;6.962376667;79.7981406
2007;usak;AUTUMN;NATURAL;NOT IMPLEMENTED;RuraL;Station C;7.614206299;29.35098038;36.95887059;5.96079098;8.033578201;56.42686136
2008;IZMIR; Winter;industrial; Implemented;;station c;NA;163.2552322;60.0633334;31.70555774;NA;35.7700775
2008;rimzI;SprinG;IndustriaL;not implemented;laruR;station a;NA ;NA;83.8860271;71.79163543;3.429496002;17.94380368
2008; Izmir;summer; Traffic;ImplementeD;Suburban!!;station d;140.312973;80.5414749;6.278771014;87.15456963;2.421391667;89.31849182
2008;Izmir!!;AUTUMN;IndustriaL;Not Implemented!!;URBAN;B noitatS;97.42335978;105.3228415;25.19004688;NA;7.28762322;49.72242728
2008;aydin;winter;TraffiC;not implemented;;station d;145.5177066;162.6228472;89.19540105;86.13211497;5.563104462;88.42094371
2008;nidyA;gnirpS;NaturaL;IMPLEMENTED;SUBURBAN;Station B;72.6243162;31.51393242;2.898223918;NA;6.354570952;60.65595163
2008;aydin;Summer!!;IndustriaL;IMPLEMENTED;urban;station a;57.44158206;87.209617;21.73711207;65.45400138;3.968209784;69.04825108
2008;AYDIN;AutumN;Industrial ;NA;rural;Station C ;20.71805404;102.1638527;95.98436925;5.147708936;9.491675401;81.40480967
2008; Denizli;Winter ;Residential ;not implemented;Suburban!!;station a;158.4123459;124.0328564;;18.81831475;1.780609132;67.61977674
2008;DenizlI;Spring!!;NATURAL;Not Implemented!!;RuraL;STATION C;118.5582042;165.4885219;27.64379393;66.47377265;9.65996643;42.81520986
2008;Denizli!!;Summer!!;NaturaL;ImplementeD;Rural ; Station D;29.37712415;42.61885706;8.565127251;82.63993687;0.247075613;53.79517147
2008; Denizli;nmutuA;residential;ImplementeD; Urban;D noitatS;79.27778176;163.4879758;na;68.90851844;7.294716523;81.28932484
2008;manisa;WINTER;Residential!!;not implemented;Urban ;Station A!!;90.80321658;155.8115914;25.9850178;115.7365122;5.100512396;40.49677816
2008;asinaM;Spring ;TRAFFIC;detnemelpmI toN;Suburban ;;95.63827514;115.6154547;88.38561032;65.01416396;4.546321798;41.87153839
2008;MANISA;SUMMER;traffic;Implemented ;URBAN; Station A;142.1970996;142.9102954;42.75953812;17.58934124;8.624368998;14.09056103
2008;MANISA;;IndustriaL; Not Implemented; Suburban;Station C ;89.06685906;88.2833704;72.59267018;27.08186886;4.412332664;91.88552135
2008; Mugla; Winter;;detnemelpmI;RURAL;C noitatS;99.99780442;39.92509547;91.99193347;101.5997957;4.206983818;13.64844992
2008;MuglA;Spring!!;lairtsudnI;ImplementeD; Rural;Station D;12.29682528;136.4953957;41.98796524;88.36496586;7.353961813;66.57987186
2008;alguM; Summer;IndustriaL;Implemented ;nabrubuS;D noitatS;14.12158402;109.6877383;;107.8976285;6.890175123;44.25347549
2008;MuglA;autumn;Traffic ; Not Implemented;RURAL;STATION C;32.16528474;131.4812121;52.67755722;18.51908365;8.349385692;43.53384207
2008;UsaK;Winter!!;Natural!!; Not Implemented;URBAN;Station C;11.64991427;81.64174523;90.99220133;154.5382689;3.861890871;69.55742447
2008;kasU;SPRING; Industrial; Not Implemented;RURAL; Station C;112.7861699;182.3046497;80.82869259;29.0817721;6.134332247;11.3739046
2008;usak;Summer!!;Natural!!;NOT IMPLEMENTED;UrbaN; Station D;109.8828941;121.600275;8.45132465;8.261091505; NA;61.40204938
2008; Usak;autumn; NA; Implemented;Suburban!!;station d;24.72815399;26.22647202;69.87213441;119.703638;3.760404328;78.34301967
2009; Izmir;retniW;Residential!!;Not Implemented!!;SUBURBAN;NA;;105.0090341;58.0459572;37.32349683;4.911969665;83.680212
2009;Izmir ; Spring;Industrial ;implemented;rural;STATION C;27.44397505;153.7076504;90.93139128;81.82223704;3.206443219;21.20038699
2009; Izmir; Summer; Industrial;ImplementeD;rural;station b;NA!!;160.8855667;14.00317885;;1.504259536;90.25480976
2009;IZMIR;AUTUMN;industrial;Implemented!!; Urban;station c;41.10165038;103.97344;54.33553909;93.24416556;3.324947978;67.33387873
2009;aydin;Winter!!; Traffic;not implemented;AN;D noitatS;70.78143515;198.0022423;88.18734396;141.6532305;1.716877649;88.77620608
2009;nidyA;SPRING;RESIDENTIAL;;Rural!!; Station B;41.92624605;60.85700307;42.1823311;41.82083425;6.862388794;51.10166813
2009; Aydin;remmuS;industrial;detnemelpmI;RuraL;station b;75.89788433;88.01375248;49.23550194;82.07920725;6.641201192;
2009;;Autumn!!;INDUSTRIAL;detnemelpmI toN; Suburban;Station A ;64.0741428;180.733413;8.905146411;26.60891271; NA;92.30863632
2009;denizli;Winter!!;NaturaL;implemented;suburban;Station C ;177.6630914;198.3176537;;76.85147085;7.323816295;90.49140662
2009; Denizli;SPRING;;Not Implemented!!;Suburban!!; Station D;13.10932077;140.2854261;33.80165162;43.69179046;0.615253804;47.57528297
2009;ilzineD;SUMMER;Industrial!!;not implemented;Rural!!;Station A ;25.61629958;173.206304;94.62199998;29.28894974;8.854027222;31.06920001
2009;Denizli!!;autumn;natural; Not Implemented;laruR;A noitatS;12.65975462;26.86692072;29.70140133;41.01593583;8.640484113;42.35119128
2009;asinaM;WinteR;Natural!!;IMPLEMENTED;Rural!!;STATION C;114.8963679;191.78395;47.16513606;25.56672288;4.488871176;41.83761121
NA;asinaM;SprinG;TraffiC;Not ImplementeD;SUBURBAN;Station A!!;12.90384522;70.91778224;67.78783351;108.7203524;5.9000442;32.25235312
2009;asinaM;remmuS;larutaN;detnemelpmI toN;Rural!!;station c;126.2837619;43.88298736;17.8939705;50.67649193;9.763175491;30.51506241
2009; Manisa;AutumN;Industrial!!;Not ImplementeD;nabrU;Station A!!;79.23110145;55.4802689;49.67135394;43.16925609;8.054719803;86.80097897
2009;Mugla ;winter;TraffiC;NOT IMPLEMENTED; NA;STATION C;97.69932668;98.35541817;74.37682587;56.56690172;9.062686101;11.63688247
2009;alguM; Spring;Traffic!!; Implemented;laruR;STATION D;86.43120362;NA!!;86.95181088;41.86165918;0.922083702;69.3730623
2009;MUGLA;Summer!!;IndustriaL; Not Implemented;RuraL;C noitatS;29.76798741;70.90784134;63.37340892;90.60821419;1.9914135;21.41790489
2009;MUGLA;AUTUMN;RESIDENTIAL;detnemelpmI;laruR;Station C ;33.66509395;35.64591235;67.5672445;116.6902899;4.46347394;37.72805987
NA!!;usak;Winter!!;NaturaL;;rural;Station B ;;72.900944;14.37578031;55.37387052;5.889092403;10.84658824
2009;Usak ;Spring!!; Traffic;detnemelpmI;URBAN;STATION D;91.05698029;118.7339248;94.68609673;135.2244933;12.2709836;30.6474955
2009;usak;;laitnediseR; Not Implemented;urban;D noitatS;35.46707751;93.95220454;14.99225959;91.0965295;14.82569241;78.00000176
2009;NA;Autumn ;Industrial!!;Implemented ; Rural;D noitatS;21.86810043;75.87656463;77.91794784;23.08210149;3.949629815;89.07645583
2010;IzmiR; Winter;NaturaL;Not ImplementeD;Suburban ; Station A;174.8003382;167.0084949;27.95199953;84.42161534;0.569414798;26.04507943
2010;IZMIR;Spring ;NaturaL;IMPLEMENTED; Rural;NA;AN;179.7668946;93.49212808;64.04496717;8.031597883;49.03704473
2010;Izmir!!;SummeR;Traffic!!;ImplementeD;RURAL;station d;121.3911238;153.7899524;72.55603486;79.81975017;6.083369119;49.68078455
2010;rimzI;Autumn!!;larutaN;IMPLEMENTED;Rural!!;Station A;119.2650967;NA;75.87374387;107.3140524;2.065574303;87.98965405
2010;AydiN;NA;larutaN;Not Implemented ;nabrubuS;Station A ;57.71525581;166.5884131;23.46779896;55.64997563;4.998801721;77.46591002
2010;AYDIN;Spring!!;NaturaL;Implemented!!;Suburban ;STATION A;24.66585932;38.87623467;45.41791771;108.6354267;7.448871431;53.74233574
2010; Aydin; Summer;natural;IMPLEMENTED;SUBURBAN; Station B;26.11615377;34.76041774;62.54569307;91.32693664;7.727076692;68.72098404
2010; Aydin;Autumn ;INDUSTRIAL;ImplementeD;urban;Station A!!;106.1275845;75.66913704;77.45741458;79.54643642;7.569333418;85.49873012
2010;denizli;WINTER;laitnediseR;implemented;nabrubuS;Station B ;117.8483468;179.8097951;12.18801884;74.3705456;3.121623848;5.906200632
2010;DenizlI;Spring!!;lairtsudnI; Not Implemented; Urban;station c;118.4981228;56.80616698;96.31180101;55.17437931;14.61007734;43.27455295
2010;denizli;remmuS;Industrial ; Implemented;urban;A noitatS;140.93477;22.01814769;89.24162571;153.5477963;10.00093477;91.18810089
2010;ilzineD; Autumn; Traffic;Implemented ;SUBURBAN;STATION D;105.3294677;35.02481169;28.49416187;81.74538375;4.141551442;75.32973793
2010;asinaM; Winter;larutaN;IMPLEMENTED;SUBURBAN;Station A ;33.11816736;190.4776984;82.63050382;10.04238804;;56.56993056
2010;Manisa!!;gnirpS;INDUSTRIAL;Not Implemented!!; Suburban;Station C!!;40.29917943;130.4188241;52.79574446;42.56151916;7.337919532;55.31623007
2010;Manisa ;Summer!!; NA;IMPLEMENTED;Urban ;station c;127.118091;58.10822104;47.25703519;99.68550785;3.746424167;38.03815927
2010;manisa; Autumn; Industrial; Implemented; Rural;station a;35.349381;115.5062068;;11.47832695;1.799928891;54.4494507
2010;alguM;WINTER;Industrial!!;detnemelpmI;Suburban!!; Station C;18.61888315;121.2641411;58.93492149;7.746682002;5.345355501;67.26140395
2010;mugla;NA!!;Traffic!!;implemented;suburban;Station B ;106.9756078;;73.52913353;56.75278755;2.970875187;44.74448865
2010;alguM;Summer!!;Residential!!;Not Implemented ;Suburban ;Station B!!;63.36632155;54.30563534;42.27142469;43.25937066;6.326160935;72.84454891
2010;MUGLA;Autumn ;Residential!!;detnemelpmI;nabrU;station a;138.4058076;174.2365676;63.66348091;72.0256419;1.901389322;86.81706159
2010;na; Winter;Industrial ;;UrbaN;STATION B;;75.65802947;70.53266627;45.77264983;9.875875403;19.69506058
2010;USAK; Spring;ciffarT;Not ImplementeD;Rural!!;station b;18.11075178;141.8850143;NA ;23.9425409;2.904635627;47.89696717
2010;usak;remmuS;Natural!!;Not Implemented!!;Suburban ;Station D!!;142.4392023;13.06368281;7.092677617;84.25148605;0.102405051;NA
2010;Usak ;Autumn ;NaturaL;detnemelpmI toN;UrbaN;A noitatS;42.49080323;80.80485468;86.25528496;83.42838188;2.035000456;70.30915638
2011;Izmir!!;WinteR;industrial;ImplementeD;RuraL;C noitatS;64.67497333;84.50735195;46.90882485;28.01773429;9.342792241;28.7374092
2011; Izmir;Spring ;Residential!!;detnemelpmI toN;suburban; Station A;63.32775998;113.2620414;27.71677601;41.75278402;8.686810927;65.82383692
2011; Izmir; Summer;ciffarT;Implemented!!;URBAN;Station B ;12.42752298;23.81988974;25.69292173;94.9752822;3.619094126;88.36147796
2011; Izmir;Autumn!!;Residential!!;detnemelpmI toN;nabrubuS;Station D!!;76.99473622;160.124961;49.33538306;13.30637505;7.805881855;44.72250198
2011;AYDIN;Winter ;Natural ;Implemented ; Suburban; Station A;27.45741745;56.51618757;88.90949087;21.95709607;6.124858772;91.5464915
2011;AydiN;gnirpS;RESIDENTIAL; Not Implemented;urban;Station A;63.14069737;138.6371848;39.078063;17.45021781;14.56793497;99.3505552
2011;nidyA;Summer ;NATURAL;IMPLEMENTED;Urban!!;station b;55.85291926;162.6103034;75.47312318;127.9414412;5.698044044;15.07874475
2011; Aydin;nmutuA;ciffarT;detnemelpmI toN;UrbaN;Station B;117.0618121;116.7566217;11.48823564;118.9851804;10.2696901;27.14005286
2011;Denizli ;WinteR;TraffiC;Implemented ;Suburban!!;station a;145.751669;165.8445902;48.65355681;91.63098717;0.729003652;95.28607639
2011; NA;Spring ;INDUSTRIAL;IMPLEMENTED;SuburbaN;B noitatS;27.24486795;135.7534593;99.18524176;87.3774145;4.022848733;96.04113022
2011;denizli;remmuS;INDUSTRIAL;ImplementeD;RURAL; Station B;58.14992217;77.55066146;77.50290467;81.97932372;9.641794846;14.28219116
2011;DENIZLI;Autumn ;residential;IMPLEMENTED;SUBURBAN;B noitatS;59.13620835;163.6831224;22.63179187;59.85407027;NA ;6.424857536
2011;ManisA;WinteR;ciffarT;NA;nabrU;NA;32.34541724;72.59258631;51.14126442;102.5205854;4.425010625;20.30450221
2011;manisa;Spring ;TraffiC;AN; Suburban;Station B;120.7757582;118.5304544;24.89522684;9.411578801;1.290682535;99.62121442
2011;ManisA;SUMMER;lairtsudnI;Implemented ;laruR;Station D;107.5481076;151.6255704;42.13697087;76.46840861;7.064930568;22.09996358
2011;manisa;nmutuA;NATURAL; Implemented;RURAL;B noitatS;32.60535901;82.00162286;NA!!;94.45593614;6.48407483;52.74202264
2011;mugla;WinteR;RESIDENTIAL;detnemelpmI toN;URBAN;STATION C;69.8096121;74.27842999;77.5800319;81.30357488;5.702989897;85.59968401
na;Mugla!!;gnirpS;RESIDENTIAL;ImplementeD;Urban!!;station a;20.3417286;97.27574193;24.35383703;59.9482426;14.27147908;6.938153015
2011;Mugla!!;remmuS; Industrial;Implemented!!;RURAL; Station D;96.08995658;165.4130639;92.37788518;36.9040745;0.319807849;62.42645331
 NA;alguM;autumn;Traffic ;NOT IMPLEMENTED;NA ;STATION D;22.59892906;186.685135;60.07168191;78.92223577;3.106866131;31.31741764
2011;USAK;WinteR;Industrial!!;detnemelpmI;RuraL; Station B;177.5525453;124.9224333;39.23258051;84.67213784;9.218587914;86.92181706
2011;Usak ;Spring ;Industrial ;Not ImplementeD;urban;Station A;118.1989008;135.678579;51.18968692;136.7096562;4.915891259;31.92880918
2011;Usak ;remmuS;lairtsudnI;IMPLEMENTED;RURAL; Station C;61.58458969;181.6219882;61.29698284;44.36841948;NA;70.24179343
2011;Usak ; Autumn;industrial;Not ImplementeD;laruR;Station B;88.89177018;28.72390177;56.86927212;93.52381535;5.388782058;69.05086508
2012;izmir;winter;Natural!!;Not Implemented ; Urban;STATION A;164.573476;59.50442277;49.66769348;90.42269572;12.38345599;26.04188714
2012;Izmir!!;SPRING;natural;implemented;SuburbaN;;85.34439566;144.6910012;51.4834148;106.5261964;1.121152933;8.305923987
2012;IZMIR;remmuS;TraffiC;detnemelpmI toN;SuburbaN;Station B;30.30228053;166.5114478;19.28836722;65.69839245;9.435905025;43.87870951
2012;na;nmutuA; Industrial; Implemented; Rural;Station B ;59.91198656;172.8355154;81.64782462;64.52743027;7.971221524;32.47334944
2012;AydiN;winter;larutaN;detnemelpmI; Suburban;Station B;152.7072065;97.75739996;55.09251135;71.45586437;NA ;81.85288621
2012;Aydin!!;Spring ; Traffic;IMPLEMENTED;SuburbaN;B noitatS;98.41088732;26.97458144;14.84582645;91.17126584;7.148878816;81.0345979
2012;Aydin!!; Summer;lairtsudnI;Implemented ;Suburban ;STATION B;99.35503573;93.17848069;77.08339596;115.9394051;3.911091354;48.41727546
2012; Aydin;AUTUMN;residential;Not ImplementeD;nabrubuS;station b;130.6891154;53.83957214;93.37950988;13.45978573;4.082717313;62.61866141
2012; Denizli;retniW;natural;Implemented!!;Rural ; Station C;161.551312;71.86005909;94.83607613;11.14497927;NA ;62.40465402
2012;DENIZLI;NA ;traffic; Not Implemented;SUBURB;Station D!!;138.3699229;156.7308358;38.16373778;112.8182888;9.631569599;83.5800241
2012;NA;SummeR;laitnediseR;Not Implemented ;suburban;STATION C;18.75313302;24.35014634;15.28065361;65.93569693;1.353893141;NA!!
2012;DENIZLI; Autumn;INDUSTRIAL;detnemelpmI; Urban;B noitatS;83.89827028;167.2404313;52.80316341;98.42800068;6.396359018;31.16743458
2012;MANISA;NA;industrial;Implemented!!;laruR;Station B;134.8486567;100.3828389;13.03570448;60.47871418;4.86132192;30.17831722
2012;manisa; Spring; Industrial;Implemented ; Urban; Station C;114.7543925;123.2521469;93.53076701;20.50178916;5.738230482;55.93826653
2012;asinaM;SUMMER;NaturaL;implemented;Urban ;NA ;92.97384929;27.03392393;19.99080348;121.3293621;5.543358487;47.66907926
2012;MANISA;Autumn!!;Traffic!!; Not Implemented;Rural!!;station d;29.1841636;74.09822489;26.77105428;90.93083419;0.617459809;46.81147324
2012; Mugla; Winter;laitnediseR;IMPLEMENTED;SUBURBAN;Station C ;144.7511764;29.74749207;41.85037963;40.84588197;6.886832344;13.65804721
2012;alguM;Spring!!; Traffic;Not Implemented ;urban;Station D!!;109.4161434;192.6933073;39.55011792;52.28276716;6.627784094;73.26735537
2012;mugla;SummeR;Natural ;Implemented ;RURAL;STATION B;17.48968687;163.3797134;79.87696345;101.3517588;2.028458646;25.30498536
2012;alguM; Autumn;TraffiC;implemented;Suburban!!; Station A;72.25242458;97.33022333;46.71904841;13.32108464;8.178731673;23.71059487
2012;Usak ;NA;Natural ;detnemelpmI;rural;STATION A;36.27206752;57.7329326;18.73528948;106.3270921;8.045351407;44.21204043
2012;UsaK;spring;Industrial!!;ImplementeD;Urban!!;A noitatS;53.93417163;187.35647;28.18656976;44.87092264;7.372915677;26.63894245
2012;kasU;SUMMER;RESIDENTIAL;Not ImplementeD;SUBURBAN;STATION A;7.62175837;75.47335319;51.89311175;73.19324599;3.054661545;60.46653539
2012;USAK;AUTUMN;industrial; Not Implemented;Suburban ;station b;63.04783092;40.58704202;16.45048391;112.6393306;6.417117985;40.28901724
2013;izmir;winter;ciffarT; Implemented;RuraL;Station A!!;NA ;128.7013572;61.94225621;82.98408768;2.952706144;47.64661365
2013;IzmiR;spring; Industrial;NOT IMPLEMENTED;SUBURBAN;Station C ;94.83947596;189.3170829;57.44323604;52.65942843;2.43647851;56.03108555
2013;IZMIR;Summer ;residential;Not Implemented ;URBAN;Station C!!;101.2061;10.7277552;72.04082701;109.5853642;10.99814261;24.33587464
2013;IzmiR; Autumn; Industrial;Implemented!!;URBAN; Station A;126.2622404;55.24372022;93.89505231;57.92495563;0.74882981;19.79640417
2013; Aydin;WinteR;laitnediseR;Implemented ;nabrU;STATION C;43.49054587;207.1355568;91.40094699;47.95013324;1.557311795;88.64008077
2013;Aydin ;Spring ;Residential ;Not ImplementeD;Rural!!; Station D;22.46986425;42.5063337;94.71541057;119.618577;0.167202923;46.20375177
2013; Aydin;summer;industrial;NOT IMPLEMENTED;Suburban!!;Station B ;128.4728899;31.51625581;25.98212851;91.34087659;1.614137546;44.14889292
2013;AYDIN;Autumn!!;Natural!!;Not Implemented ; Suburban; Station A;27.70885816;118.335571;14.89340005;79.1427974;0.783001086;8.383154276
2013;DENIZLI;WinteR;TRAFFIC;not implemented;Suburban!!;A noitatS;175.6082542;191.1253591;31.62311665;45.85830897;9.958443441;52.30774875
2013;DENIZLI;Spring!!;Natural!!;ImplementeD; Urban;Station B!!;127.1680433;100.6508654;89.71834693;13.84954396;4.438828054;57.64612355
2013;Denizli!!;SUMMER;NATURAL;Implemented ;nabrubuS;Station C ;77.62710785;198.9672088;97.26124051;8.571540744;1.577753325;58.08988274
2013;Denizli ;nmutuA;IndustriaL;Not Implemented ;Urban ;Station B ;147.3061066;139.0426229;86.2138452;89.35009769;3.728794431;72.16796109
2013;ManisA;WINTER; Traffic;ImplementeD; Suburban;Station B;22.94355086;26.48165561;12.78173667;92.63376292;9.367643158;21.86077432
2013;MANISA;SPRING;traffic;Not Implemented!!;URBAN;Station C ;48.94453537;198.638105;94.84794381;86.83818897;7.874379312;28.96119775
2013;MANISA;remmuS;natural;Not ImplementeD;Suburban ;Station B;97.54254018;87.49990499;43.48908668;101.6902833;3.711699153;82.0193942
2013;ManisA; Autumn;IndustriaL;implemented;RuraL;station c; NA;64.60648143;2.912408495;8.844051306;8.746575433;94.9812086
NA; Mugla;winter;TRAFFIC;not implemented;laruR;Station C;167.536824;127.5967494;45.35458659;47.17648879;4.010403678;17.913611
2013; Mugla;Spring!!;Natural ;Not Implemented ;Urban!!;Station B!!;14.51578279;67.81844245;6.514778628;AN;5.124877264;52.27670768
2013;MUGLA;SUMMER;ciffarT; Implemented; Urban;;84.66471565;26.42692635;55.30003627;73.36730874;3.22814546;25.34674401
2013;mugla;nmutuA;Industrial!!;Implemented!!;SUBURBAN; Station C;90.67560877;10.27138519;35.17829469;13.32328522;3.840188557;10.70695099
2013;Usak!!;Winter ;IndustriaL;Not Implemented ;suburban;Station B;119.5746935;104.9629208;48.39662349;114.7251388;3.235175125;35.92281712
2013; Usak;SPRING; Industrial;Not ImplementeD;RuraL;C ;42.07160238;169.0040502;62.09069535;30.67437112;6.805309197;18.65032439
2013;usak;Summer!!;TraffiC;Implemented ;suburban;Station D!!;57.86213199;AN;87.14250739;111.0653942;2.966868776;NA
2013;Usak!!;autumn;Residential!!;NOT IMPLEMENTED;Urban ;Station D;127.3336768;199.8493868;66.86635449;70.17102668;8.721416234;55.7039143
2014;NA;WINTER;Traffic!!;NOT IMPLEMENTED;Urban!!;A;NA;70.95094894;44.53678911;153.8358579;1.128498651;18.66427474
2014;Izmir ;SPRING; Residential; Implemented;urban;Station C ;124.8958378;63.2864623;na;89.33172833;2.990643977;5.877950899
2014;rimzI; Summer; Industrial;Implemented!!;Urban ;C noitatS;86.58503632;40.35239744;90.74704948;145.6595132;6.199968283;81.77491966
NA;rimzI;nmutuA;natural;detnemelpmI;nabrU;B noitatS;115.5171891;41.17208177;13.73647671; NA;14.06369642;21.73846859
2014;AYDIN;Winter ;Residential!!;IMPLEMENTED;Rural ;Station C;130.1676817;70.60399857;54.1294318;91.04746271;3.834794659;62.59058101
2014; Aydin;Spring ;lairtsudnI;detnemelpmI;RuraL;A noitatS;35.08916683;160.6396086;29.88217205;108.8508251;6.6743338;na
2014;aydin;SummeR;lairtsudnI;implemented;Urban ;D;87.47784678;182.0937902;6.611997392;NA!!;3.938045253;na
2014;Aydin ;autumn;NA;NOT IMPLEMENTED;SuburbaN;D ;130.8198572;195.2665622;67.51757612;16.05447295;1.357632402;34.98709456
2014;DenizlI;WinteR;NaturaL;NOT IMPLEMENTED;Urban ;A;81.1882252;59.54853771;86.55153619;69.97360477;1.019268511;13.25925827
2014;Denizli!!;Spring!!; Industrial;Implemented!!;RURAL;C!!;145.1556617;177.4465337;17.96446014;112.3730742;3.123593636;26.18025081
2014;DENIZLI;na;residential; Implemented;Urban ;C;70.57118951;72.36846696;81.61653845;87.58679075;2.491266248;22.86556382
2014;Denizli ;AUTUMN;larutaN;detnemelpmI toN; Rural;Station A!!;25.70391732;31.43970346;85.63278189;65.65749333;1.822703435;45.66183848
 NA;Manisa ;WINTER;Natural ;Not ImplementeD;Rural ;Station B;73.76163433;192.8352094;91.60536338;21.2295036;7.631517153;67.53695943
2014; Manisa;Spring ;industrial;NOT IMPLEMENTED;URBAN;Station D!!;142.9968489;130.8600706;27.99793873;6.618031908;0.385195354;30.06157712
2014;Manisa!!;Summer!!;traffic;IMPLEMENTED;URBAN;Station A!!;51.35952315;41.29887026;90.58740039;127.6159436;8.433480367;6.146643854
2014;Manisa ;nmutuA;ciffarT;Implemented!!;nabrubuS; Station A;130.8742332;91.66793893;33.42494996;15.07107474;3.856667668;54.29904961
2014; Mugla;Winter!!;Industrial ;Not Implemented!!;RuraL;STATION C;159.3376186;71.03685823;56.12912532;77.89272915;5.114844999;62.54715149
2014;mugla;SPRING;NATURAL; Implemented;NA!!; Station D;55.77704603;149.9909681;6.949732142;110.1808923;5.672019348;96.47269693
2014; Mugla;remmuS;lairtsudnI;AN;urban;Station C;17.07236042;96.14908382;6.30034666;37.69346102;4.803510263;60.99972629
2014;mugla;Autumn!!;Residential ;implemented;na;Station A ;110.0608968;197.9631896;72.59657485;81.50637617;3.021577716;49.76139314
2014;usak;Winter!!;traffic;Not ImplementeD;Suburban ;STATION B;60.20314003;22.44170129;45.55903784;14.05033632;7.360678308;59.47315446
2014;UsaK;gnirpS;Residential ; Not Implemented;nabrubuS;Station D ;118.5239241;77.45290057;27.11665279;74.43184154;8.725642182;93.15055984
2014;UsaK;SUMMER;industrial;implemented;Suburban ;Station A ;69.184953;101.5610318;20.66052261;23.85214791;2.006558161;83.69592383
2014;Usak ;Autumn!!;IndustriaL;Implemented ;urban;Station A!!;75.36367764;105.5953754;67.6554421;116.5250573;1.599638594;35.68297967
2015; Izmir;retniW;larutaN;IMPLEMENTED;UrbaN;B;141.3562368;77.03058688;2.039351314;NA;13.48226772;27.53916455
2015;IzmiR; Spring; Natural;detnemelpmI;UrbaN;A ;60.442683;148.5556473;80.97733458;75.77695582;5.345947635;29.95019317
2015;izmir; Summer;larutaN; Implemented;RuraL;A;69.25346507;176.201944;9.766461401;73.93451233;5.558042168;52.91999877
2015;IzmiR;AUTUMN;ResidentiaL;NOT IMPLEMENTED;URBAN;Station D ;59.54761797;188.3566674;20.76598226;32.10537489;5.489215696;75.68469787
AN;Aydin!!;retniW;Natural!!;AN;Rural!!;D noitatS;69.91724966;179.2645158;39.85116674;90.28834914;1.34544313;52.80582468
2015;Aydin ; Spring;Industrial!!;detnemelpmI;nabrubuS;STATION D;81.26225365;171.6102375;49.51615649;39.80363917;5.934383285;11.4406576
2015; Aydin;remmuS;Natural!!;detnemelpmI;SUBURBAN;Station C;122.2759195;114.6036071;36.78952135;81.17276389;5.298894433;73.74016654
2015; Aydin;Autumn!!;ciffarT;NOT IMPLEMENTED;Urban!!; Station B;57.45640523;166.918763;33.42979217;30.16331608;3.164454354;81.56716222
2015;ilzineD;WINTER;NATURAL; Not Implemented;nabrubuS;STATION D;97.22032137;74.43231701;96.46376918;84.13353081;4.573503542;32.50229719
2015; Denizli; Spring;laitnediseR;ImplementeD;nabrU; Station C;102.2554622;85.7109648;64.87480876;na;11.98467043;68.09194523
2015;Denizli ;SummeR;TraffiC;Not Implemented!!;rural; Station C;44.06871971;70.21347263;4.296429626;53.91599707;5.945218421;45.5262306
2015;Denizli!!;Autumn!!;TraffiC;NOT IMPLEMENTED;SUBURBAN;STATION B;45.24080671;98.80359374;44.15723903;33.42869848;1.059481538;89.46633879
2015; Manisa;WinteR; Traffic;detnemelpmI toN;nabrU;Station B ;168.4138841;70.68613979;87.75085257;118.3820998;8.288119234;85.29642803
2015;asinaM;SprinG;Residential ; Not Implemented; Suburban;station a;109.9125131;192.706174;31.54270627;35.13402552;7.057109163;54.91603984
2015;Manisa ;summer;lairtsudnI;Not ImplementeD;SuburbaN;Station C ;88.69206805;69.44047932;11.26652179;106.3974902;7.947763717;70.69302685
2015;manisa;autumn;larutaN;Not Implemented ;nabrU;Station D ;98.91940789;28.62846224;76.32170762;139.8271216;9.492396043;88.9182216
2015;MUGLA;WINTER;traffic;implemented;Suburban!!;Station B;11.0981031;121.1047877;61.38935553;27.59075125;1.611315829;52.09311596
2015;MUGLA; Spring;TraffiC;detnemelpmI toN;suburban;NA!!;94.62493001;20.8488249;57.89062577;75.59228368;7.130715339;34.75882035
2015;mugla; Summer;traffic;Not Implemented ;Suburban ;Station D!!;78.87878662;31.0032016;7.250502842;15.0875288;6.805684276;76.5982831
2015;MuglA; Autumn;industrial;Implemented!!;SuburbaN;Station C ;84.13370357;51.68398395;15.76890296;50.02676645;0.341826141;25.9062942
2015; Usak;retniW;lairtsudnI;ImplementeD;rural;B noitatS;68.53974587;108.0492022;63.00984083;87.03199889;4.176301909;41.91045906
2015;USAK;Spring!!;RESIDENTIAL;ImplementeD;Suburban ;Station A;16.81371517;92.31767714;22.36673646;80.83367339;3.396207445;87.24408753
2015;UsaK; Summer;Industrial ;detnemelpmI;SUBURBAN; Station C;33.03418887;161.9414538;51.39886782;76.84057698;6.727179436;73.82012233
2015;USAK;Autumn!!;Natural ;Not ImplementeD;URBAN;Station D!!;142.8579834;150.5001842;55.39840523;48.73985912;3.359616813;43.3620455
2016;izmir;WINTER;ResidentiaL;Not Implemented ;laruR;Station B ;77.11372384;100.1005234;29.78370465;48.47286918;5.949632037;25.40072773
2016; Izmir;SprinG; Residential;detnemelpmI toN; Urban;Station A;72.6690576;73.40379944;94.94566524;21.89044863;13.71110853;38.81699713
2016; Izmir; Summer;NaturaL;NOT IMPLEMENTED;URBAN;station d;12.64291953;70.12906897;84.56148247;113.9939117;11.99736523;31.98989418
2016;NA;AUTUMN;NATURAL; Implemented;nabrU;D noitatS;10.44710328;157.0590666;72.79260375;81.83137512;13.83364738;NA
2016;aydin; Winter;NATURAL;Not Implemented ;RuraL;STATION D;130.7895718;21.8831329; NA;86.50804772;9.787209073;75.61662679
2016;AydiN;spring;Residential ; Not Implemented;urban;Station C ;83.0237263;12.43611341;12.40074189;43.71705696;0.308451386;28.94663925
2016; Aydin;Summer ;Residential!!;IMPLEMENTED;URBAN;Station B;78.76236771;161.1534345;AN;55.00351518;9.397707954;48.14590967
2016; Aydin;NA;residential;NOT IMPLEMENTED;urban;Station D ;40.25305691;100.6578114;17.74990822;56.46519292;6.280665057;41.65664745
2016;Denizli ; Winter;natural; Not Implemented;suburban; Station C;135.5866273;38.35415796;97.87001543;7.960377121;8.612559454;98.29735097
2016;DenizlI;Spring ;Natural ;Not Implemented ; Urban;B noitatS;29.39430397;54.75752757;17.53498293;57.48665699;na;42.15376319
2016;Denizli ;SUMMER;TraffiC; Not Implemented;RURAL;Station B!!;32.54053783; NA;49.77184788;97.38002595;9.812191942;12.59833587
2016;denizli;nmutuA;INDUSTRIAL; Implemented;rural;Station C!!;71.80326485;173.3055654;37.68386357;108.189327;6.175708898;13.53344649
2016;Manisa!!; Winter;TraffiC;implemented; Suburban;Station C!!;55.81269601;159.3450755;64.6598693;64.5951063;7.956020282;61.12160353
2016;MANISA;gnirpS; Natural;Implemented ; Rural;STATION D;40.88213228;101.6227938;14.64556807;57.38269495;0.947435573;61.93953742
2016;Manisa ;summer;Residential!!;implemented;RURAL;Station B;98.55945846;108.861489;44.17100995;8.54483115;1.916233059;44.7821041
2016;MANISA; Autumn;Natural ;detnemelpmI; Suburban;A noitatS;99.39090306;195.2964617;28.92109322;106.1084988;7.608196363;46.02515077
2016;alguM;WinteR;industrial;Not ImplementeD;URBAN;C noitatS;149.4659701;212.8460228;88.99964942;8.445026907;0.476499852;10.12359537
2016;mugla;spring;ciffarT; Not Implemented;SUBURBAN;Station B!!;65.56774221;50.9011187;5.977399789;113.6462592;8.18709206;54.07191849
2016;Mugla!!;Summer ;TraffiC;detnemelpmI;Urban ;Station B!!;15.5973382;164.1098676;91.54529441;79.63782918;0.357142928;52.95025016
2016;alguM;AUTUMN;RESIDENTIAL;Implemented ;urban; Station D;44.68162581;47.47610657;83.63342558;NA ;9.90821476;19.20718526
2016;kasU;NA!!;ciffarT; Implemented;Rural!!;station a;176.5209506;55.62933288;31.16193021;111.28512;3.71442981;14.86474168
2016; Usak;na; Traffic;Not ImplementeD;SUBURBAN;station d;91.45749341;138.4576765;79.35048416;7.804964208;6.153799042;16.73938661
2016;kasU;Summer!!;Natural ;detnemelpmI;rural;Station A ;107.9118773;86.95020873;5.058928913;71.86386291;6.990710929;14.59768342
2016;usak;Autumn!!;TraffiC;Not Implemented!!;RuraL;Station A ;6.066885296;186.9934374;96.75282393;68.12724032;3.49050467;62.92227858
2017;Izmir ;WINTER;traffic;NOT IMPLEMENTED; Urban;C noitatS;96.1677974;29.60303459;53.60630437;39.28839998;1.753242354;23.66585198
2017;izmir;Spring ;TraffiC; Not Implemented;laruR;B noitatS;10.44165534;107.1898718;31.72154055;54.32205461;0.789494091;28.88586446
2017;Izmir ;SUMMER;Residential!!;Not ImplementeD;SUBURBAN;STATION B;87.53838075;184.5190908;37.53315483;80.01036068;5.930466623;21.48935369
 NA;rimzI; Autumn;laitnediseR;IMPLEMENTED; Rural;STATION B;138.5117732;181.7815955;8.507724639;88.62008764;5.254488002;95.99435392
2017;nidyA;winter;Natural!!;not implemented; Rural;station a;174.5049287;43.7146056;98.95625238;5.082438751;7.44778999;86.188659
2017;Aydin!!;Spring!!; Traffic;detnemelpmI toN; Urban;Station B ;83.38013793;79.66116302;5.850610625;146.5595878;7.719572324;26.89700955
2017;Aydin ;SUMMER;residential;implemented; Suburban;station c;71.43969676;127.633066;66.18089807;23.92041783;4.282213321;36.11879792
2017;nidyA;AUTUMN;laitnediseR;Not ImplementeD; Rural;station a;142.0274787;40.28502811;45.38812092;31.86174994;4.041063065; NA
2017; Denizli;WINTER; Natural; Not Implemented;URBAN;Station A ;123.2081108;213.316634;94.99378938;45.88928013;0.542736504;51.72821615
2017;DENIZLI;spring;Industrial!!;NOT IMPLEMENTED;RuraL;Station A;14.41039553;183.8023725;26.10797455;9.349315703;3.422016297;6.863000585
2017;Denizli!!;Summer ;Traffic!!;IMPLEMENTED;Suburban!!;STATION A;72.53020876;41.72053402;54.14450875;19.15099421;9.762599559;68.77996085
2017;denizli;AutumN;laitnediseR;detnemelpmI toN;Rural ; Station C;39.83552768;33.01953764;49.27090844;118.4302411;8.748200205;54.70002423
2017;Manisa!!;WINTER;natural; Not Implemented; Rural; Station B;87.74595193;28.85037291;na;41.2499248;3.360842864;90.37069819
2017;MANISA;spring;Natural!!;Implemented!!; Urban; Station C;71.04250794;182.7942962;8.665002731;23.73751301;8.878761765;20.61730501
2017;Manisa ;Summer!!;Natural ;Implemented!!;Rural ;Station B ;89.41099641;46.78852386;20.99133474;17.30399504;8.488237781;81.39037838
2017;manisa; Autumn; Residential;detnemelpmI toN;UrbaN;Station C!!;56.7317211;89.09413642;23.02735237;114.0592652;6.702923901;80.23629637
2017;mugla;WinteR;ciffarT; Not Implemented;SuburbaN;Station D!!;34.58305821;104.8099354;74.33877397;103.2753964; NA;17.08221298
2017;Mugla ;gnirpS;INDUSTRIAL;detnemelpmI;RURAL;Station D!!;78.03931802;123.8120984;20.53559224;34.54951444;0.837653572;42.86312629
2017;MuglA;SummeR;TRAFFIC; Not Implemented;suburban;D noitatS;125.3794182;23.62971531;58.20219286;7.404593919;5.152887941;21.16450091
2017;MuglA;AutumN;natural;ImplementeD;nabrubuS;STATION D;101.2817731;53.08413731;23.09389441;30.65535212;9.697449819;29.19844754
2017;Usak!!;winter;Natural ;Not ImplementeD;laruR;STATION A;na;205.6814909;86.43924511;11.49930444;6.962774468;NA!!
2017;kasU;gnirpS;Industrial!!;implemented;na;Station A;140.6508383;182.5979204;94.33417454;21.95754303;1.203105443;57.84245743
2017;UsaK;SUMMER;TRAFFIC;detnemelpmI toN;SUBURBAN;Station C;137.2700978;158.445223;52.81231154;54.62343378;1.97467267;44.08403852
2017;Usak!!;AUTUMN;natural; Implemented;nabrubuS;C noitatS;35.35551791;13.68623667;36.52627065;31.44061265; NA;95.03461638
2018;IzmiR;WinteR; Natural;Implemented!!;RuraL;station d;NA;79.34441462;24.93766195;64.33377603;8.430253624;17.00516348
2018;IZMIR;spring;Traffic ; Implemented;Rural ;Station B;112.4897627;129.3121597;6.878538149;34.15178162;6.215176403;97.50075281
2018; Izmir;remmuS;Natural ;NA;na; Station D;125.0034879;62.28614024;28.31300747;113.1617896;6.479789379;26.91067082
2018;rimzI;AUTUMN;TraffiC; Implemented;RuraL;Station C!!;145.3403621;182.8214721;66.11510643;109.1835563; NA;78.42302396
2018;Aydin!!;Winter!!;natural;detnemelpmI toN;Rural!!; Station D;160.8315326;143.4828975;54.29445927;70.18270208;8.30244957;37.20214299
2018; Aydin;Spring ;traffic;not implemented;RURAL;Station C!!;92.07754139;23.66227629;94.51604527;45.75875908;7.903924561;18.59273256
2018; Aydin;Summer ;IndustriaL;implemented;urban; Station D;81.85758919;182.7110619;40.83517172;63.48145886;3.99667189; NA
2018;AydiN;AUTUMN;Natural!!;not implemented;nabrubuS;station b;9.036952433;191.9756651;69.99860755;52.36301256;7.115899528;34.34178543
2018;Denizli ;retniW;industrial;not implemented;URBAN; Station D;48.91822175;27.24189544;49.95362925;115.2731087;3.340590905;67.5912634
2018;DENIZLI; Spring;NaturaL;Not ImplementeD;Urban ; Station B;71.644139;111.1484446;52.23246916;74.02002983;0.748902892;58.81215008
2018;DENIZLI;SUMMER;Natural!!;Not Implemented ;RURAL;Station B ;96.13306551;67.63921362;28.24188283;103.5239438;AN;49.81684939
2018;DENIZLI; Autumn;Residential!!;detnemelpmI toN;SUBURBAN; Station C;85.80151583;84.63942453;46.58517613;113.5709004;1.86842588;52.1028499
2018;asinaM; Winter;ciffarT;NOT IMPLEMENTED;Urban ;Station B ;135.2186622;48.54710455;48.13692971;NA!!;5.165557752;74.56260184
2018;manisa;gnirpS;Industrial ;AN; Rural;STATION A;45.56620498;119.8336994;71.25096713;69.47986536;4.242650022;13.33842684
2018;asinaM; Summer; Industrial;Not Implemented ;Rural ;A noitatS;86.91812811;192.0160771;94.18271992;15.93150174;5.134535026;68.47716289
2018;Manisa!!;Autumn!!;Industrial ;not implemented;SuburbaN; Station A;17.78062529;105.5837941;34.27348519;28.05394049;4.819863368;90.10214963
2018; Mugla;retniW;Traffic ;Not Implemented ;URBAN;STATION C;77.9778011;28.32914751;6.135645921;68.31313212;4.169517899;10.48987872
2018; Mugla;SPRING;laitnediseR;Implemented!!;Urban ;Station A;113.7733208;127.8002534;50.6369223;37.32730603;0.583184428;18.36206723
2018;mugla;SummeR;Industrial!!;Not Implemented!!; Urban;Station C;105.5431237;74.64236895;55.35721055;137.5457934;9.13575909;73.08003399
2018;Mugla!!;Autumn!!;Traffic!!;Not ImplementeD;RuraL;Station C ;148.6431969;172.625786;18.50717401;23.20291945;4.017873815;46.54175658
2018;usak;winter;natural;detnemelpmI toN;suburban; Station A;54.35305592;101.847733;76.52553142;57.40099448;3.056854358;43.33711898
2018; Usak;Spring ;lairtsudnI;detnemelpmI;Suburban ; Station B;77.23744838;46.6395257;98.52305263;74.65541265;NA ;18.01183028
2018;UsaK;SUMMER;industrial;NOT IMPLEMENTED;Urban ;station d;52.78191;46.31006831; NA;109.9336543;11.23913812;53.14315387
2018;kasU;AUTUMN;laitnediseR;ImplementeD;NA;STATION C;68.88745154;156.0651943;21.3163918;49.05297752;8.591878929;17.02180456
2019;IZMIR;WINTER;industrial;NOT IMPLEMENTED;UrbaN;Station A!!;155.1093226;66.50780805;87.78559751;136.4303108;7.500494501;50.27894335
2019; Izmir;Spring!!;INDUSTRIAL;Implemented!!;suburban;Station C!!;104.2103159;155.7743449;71.04037637;70.35670237;1.396219396;77.5434534
2019;NA ;summer;NaturaL;implemented;Rural!!;station b;132.9539727;49.11858905;46.47696325;55.54339475;6.992592218;29.535114
2019;IZMIR;AutumN;Traffic ;Implemented ;Urban!!;Station B ;34.50911071;71.12041005;54.97987744;16.55247479;3.210195632;50.67468598
2019; Aydin;retniW;Traffic ;NOT IMPLEMENTED;nabrU;NA!!;157.9648345;108.2867772;85.26081715;75.97107553;6.702260586;99.24151709
2019;nidyA;spring; Residential; Implemented;Rural ;Station C!!;13.66552976;189.2072114;49.05322408;99.38462169;0.743507811;70.23179022
2019;aydin;Summer!!;NaturaL;IMPLEMENTED;Suburban ;Station D;133.8468957;187.0289707;38.57432217;75.6722171;8.270553184;84.92889327
2019;AydiN;AUTUMN;Traffic!!;implemented;rural;Station D;52.71569802;49.30565633;50.33825432; NA;1.346812346;AN
2019;DenizlI;Winter ; Natural;implemented; Urban;C noitatS;60.73824821;85.86777962;58.7547208;80.35474475;13.56099798;77.9467877
2019;DENIZLI;SPRING;TRAFFIC;detnemelpmI toN;Urban!!;STATION C;79.25284362;38.38588381;20.52961007;24.21002491;12.98382444;8.848371429
2019;ilzineD;remmuS; Natural;Not Implemented ;nabrU;Station C ;141.4000772;106.8971651;90.28895757;8.539156952;7.049054052;16.67656234
2019;DenizlI; Autumn;Residential ;not implemented;urban; Station A;11.92829788;97.51068463;68.07032099;51.83132223;11.20386783;24.29170633
2019;ManisA;Winter ;Industrial!!;Not ImplementeD;Suburban ;STATION B;67.28818966;199.258874;64.0603539;85.26890422;6.232506231;43.18543284
2019;Manisa!!;SPRING;RESIDENTIAL;IMPLEMENTED;Suburban!!;Station D ;129.2029384;186.7010218;11.75063017;95.87988895;8.050448859;85.34576344
2019;Manisa ;SummeR;Traffic ;NOT IMPLEMENTED;UrbaN;Station A!!;62.42789923;82.87780429;61.20904594;50.71504878;6.562305747;37.89527482
2019;MANISA;Autumn ;ResidentiaL;Implemented!!;nabrubuS;C noitatS;33.87775015;103.4302092;13.8541449;62.0002009;7.879503994;67.18901338
2019;mugla; Winter;industrial;not implemented;SUBURBAN;STATION C;79.91418755;198.3133761;9.712372169;53.42867401;4.678322489;72.38485801
2019;MuglA;spring;laitnediseR; Not Implemented;Suburban!!;Station B!!;60.90511272;163.2744835;53.67646777;52.2101202;9.4155613;60.68732364
2019;Mugla!!;Summer!!;TRAFFIC;detnemelpmI toN;nabrU;Station C ;137.7353492;10.69469916;41.47298234;41.08663262;7.372625697;38.93798698
2019;alguM;AUTUMN;Traffic!!;Implemented ;rural;STATION A;115.4804845;70.81131719;59.70340648;20.68267708;4.679930792;59.82006746
2019;UsaK;retniW; Residential; Not Implemented;RURAL; Station A;NA;99.15081656;10.74377247;27.6191842;7.872211429;37.51523132
2019;Usak ;spring;IndustriaL;detnemelpmI toN;AN;STATION B;148.3137322;53.6460939;44.23634016;11.36322452;8.233619148;12.96800516
2019;usak;SUMMER; Residential;NOT IMPLEMENTED;nabrU;Station A!!;72.46524204;47.91860702;19.12909807;36.1205459;8.384163348;99.31637793
na;kasU;autumn;INDUSTRIAL; Implemented;Suburban ;STATION D;13.44448547;17.17905625;98.73580842;6.058103227;1.879998354;17.0823331
2020;rimzI;retniW;NaturaL;detnemelpmI toN; Suburban; Station A;51.635732;145.4642725;56.99272082;77.13471607;4.730806486;11.87309646
2020;IZMIR;SPRING;Industrial!!;NOT IMPLEMENTED;NA!!;A noitatS;68.23021963;59.87695519;69.36881237;53.7981234;14.52587667;88.46042117
2020;IzmiR; Summer;NATURAL;NA;Urban ;A noitatS;AN;19.9459639;33.89099151;151.9851344;11.33184497;33.67429278
2020;IZMIR; Autumn;Residential!!;IMPLEMENTED;RuraL;Station D!!;142.3969433;53.886069;11.28441365;27.27746084;8.130509778;66.77821254
2020;aydin;retniW; Industrial;NOT IMPLEMENTED;RURAL;Station C ;139.4317082;178.6000161;97.63534455;44.77028559;0.424972438;36.25554432
2020;AydiN;Spring ;Natural ;Not ImplementeD; Urban;Station A!!;43.90164406;171.7829445;na;59.99725322;7.09771302;42.18815573
2020; Aydin;remmuS;NaturaL;NOT IMPLEMENTED;laruR;B noitatS;90.66665736;101.7825866;43.53320215;5.971922047;6.501549223;29.90073234
2020;AydiN;Autumn ;natural;Implemented!!;Suburban ;station d;109.6101278;NA!!;65.68666433;101.5089146;8.317323568;37.58918055
NA; Denizli;WINTER;Traffic ; Implemented; Urban;station b;169.7825336;215.3714219;4.420335173;11.28317179;0.881713756;44.01653806
2020;ilzineD;Spring ;residential;detnemelpmI;UrbaN;STATION A;132.8371256;48.10728532;81.40539479;147.0568853;12.80871745;73.43952656
2020;DENIZLI;SUMMER; Natural;Not Implemented!!;Suburban!!; Station B;79.70287279;50.91826374;54.58466262;107.5885504;5.529169274;53.59593845
2020;Denizli ;AUTUMN;IndustriaL;NA;SuburbaN;Station A;117.3246299;65.45476364;29.26528433;66.58502035;2.053408309;94.63869563
2020;ManisA;WinteR;Natural ;Not Implemented!!;SUBURBAN;Station D;103.8131872;47.10627952;8.037582559;67.51349111;3.240826643;8.978637415
2020;Manisa ;Spring!!;Traffic ;implemented;rural;Station B;85.14206406;82.07946366;17.92484472;80.18446114;2.891102562;52.79149065
na;ManisA;SUMMER;RESIDENTIAL;implemented;Urban ;STATION B;21.63758396;183.0585031;89.71331817;64.36397678;8.033256659;60.50135494
2020;asinaM;Autumn ;ciffarT;implemented;RURAL;station a;23.28996041;126.9160897;69.23037395;79.43056259;0.611688231;92.41871368
2020;MUGLA;Winter!!; Traffic;Not Implemented ;na;A noitatS;98.13884901;97.09682866;26.49036872;10.1483647;1.669507969;9.670059744
2020;mugla;Spring!!;Traffic!!;not implemented;Rural ;STATION C;43.98492402;187.538051;8.428874965;11.21547715;8.145661129;59.48246057
2020;mugla;SUMMER; Industrial;detnemelpmI toN;SUBURBAN;Station A;8.050350857;19.20820417;69.68030061;57.58149826;1.412779508;86.09484321
2020;mugla;AN;Residential!!;Not Implemented!!;RuraL;Station A;109.8116846;49.9524738;58.09595714;68.20656463;2.410623068;27.98313417
2020;UsaK;retniW;ResidentiaL;detnemelpmI;RURAL;Station C!!;11.65266782;129.2707185;41.6429134;107.0990286;4.588368995;88.24777311
2020;UsaK; Spring;Industrial!!; Not Implemented; Suburban;Station A;91.31514196;126.9549984;NA;17.0359729;5.219496792;6.809123881
2020;Usak ;Summer!!;residential;implemented;RuraL; Station A;83.18310015;17.51592625;23.24779904;99.60451163;7.659743748;74.58318977
2020;USAK;AUTUMN;Traffic!!;Not ImplementeD;Urban ;Station C;145.4781301;86.577364;67.62190314;37.90207693;6.792886536;93.64575601
2021;IzmiR;WinteR;Residential!!;Not Implemented ;RURAL;Station D!!;90.25308625;146.6731786;97.12546672;50.31961958;7.919659748;67.43377786
2021;IZMIR;gnirpS;INDUSTRIAL; Implemented;laruR;Station D;14.22220827;142.6334038;19.22009409;41.40928001;6.22162844;46.70777818
2021;NA ;SummeR;Traffic ;ImplementeD;Urban ; Station A;84.99475533;131.2465815;60.51742876;66.32321329;1.82953113;9.263696565
2021;IzmiR;AUTUMN; Industrial;Not Implemented ;SUBURBAN;A noitatS;126.9589447;70.90701263;43.57013546;22.30698228;1.64768124;92.41081227
2021;aydin;WINTER; Natural; Not Implemented; Urban;STATION C;179.4517755;30.54570583;45.77549473;81.78372612;6.639950823;49.67814116
2021;aydin;Spring!!;TraffiC;Implemented!!;rural; Station C;67.39976018;91.15136482;26.90643345;97.18889783;4.029204992;7.754690712
2021;nidyA;SummeR;TraffiC;detnemelpmI;suburban;Station D!!;51.44331766;34.4633431;82.86321781;55.77641119;7.461088269;70.53300178
2021; Aydin; Autumn;NA!!;IMPLEMENTED;laruR;STATION B;136.4647281;190.0484951;49.55504921;61.42056123;5.849297684;na
2021;Denizli!!;Winter!!;ciffarT;detnemelpmI;Rural ;STATION A;39.27613046;110.310711;55.25377352;102.6082723;3.942517502;16.81280516
2021; Denizli;spring; Industrial;implemented; Urban;Station B!!;94.23719268;70.27924313;31.86656945;112.0556881;2.685790209;25.35582188
2021;NA;SummeR;ResidentiaL;Not ImplementeD;URBAN;station b;63.82859151;155.5977735;19.81722964;79.82293407;3.51853097;11.12661464
2021;DENIZLI;nmutuA;Natural!!;NOT IMPLEMENTED;SUBURBAN;Station C;10.95694292;104.6102326;10.41921804;34.63499954;5.797460083;59.55788627
2021;ManisA;retniW;IndustriaL;Not Implemented ;suburban; Station A;66.42819453;75.79711102;NA;106.7665759;4.292044169;64.09280053
2021;MANISA;gnirpS;natural;Not Implemented!!; Suburban;Station A!!;43.45813576;164.2738711;21.23095961;71.35734619;5.197782338;53.04551834
2021;MANISA;Summer ;natural;Implemented!!;RuraL;AN;104.4832173;174.7589087;69.62738471;30.43197516;1.789706609;82.62470264
2021; Manisa;AUTUMN;NaturaL;Implemented ;nabrU;Station B ;142.5746222;137.8715516;40.25689171;46.73340302;9.994157847;86.79583802
2021;Mugla!!;Winter!!;traffic;implemented;na;Station C!!;52.6402106;20.81556428;42.7459305;126.5683968;12.8102003;63.48431768
2021;alguM;gnirpS;IndustriaL;Not Implemented ;urban;Station D;122.6625612;117.6013472;47.97939462;13.09976153;3.980401676;6.211865572
2021; Mugla;summer;Industrial!!; Implemented;nabrubuS;Station A;13.02717346;155.0260333;38.0354338;119.0906015;4.965990836;71.0468173
2021;Mugla!!;remmuS;INDUSTRIAL;ImplementeD;Suburban ;STATION A;13.02717346;155.0260333;38.0354338;119.0906015;4.965990836;71.0468173
2021;mugla; Autumn;ciffarT;ImplementeD;URBAN;STATION D;83.02754646;35.9355723;na;25.98757612;14.63658084;44.70992561
2021;usak;WINTER;Residential!!;not implemented;Urban ;Station C!!;18.27571109;58.79218704;32.34391738;125.5122445;5.098639847;58.72796091
2021;USAK;SprinG;NATURAL;NOT IMPLEMENTED; Urban;Station A ;140.4347837;177.67407;67.04596735;65.51890986;8.986438222;66.66265719
2021;Usak ;SUMMER;INDUSTRIAL;NA ;SuburbaN;Station D!!;116.1209357;13.82312715;67.24687134;61.60486108;0.992937432;38.27247836
2021;UsaK;AutumN; Traffic;implemented;Urban!!;Station D ;100.4027371;153.0181562;30.04998211;138.1572613;9.149322787;92.12435799
2022;IzmiR;WinteR;Natural!!;ImplementeD;Suburban!!;Station B ;149.3579704;110.0186181;47.0900574;52.4847868;0.987354556;17.72761234
2022;IZMIR;Spring!!;Residential!!;NOT IMPLEMENTED;Urban!!;Station A;98.89037036;94.88671018;NA;86.85531617;14.39464621;68.79362169
2022;Izmir ;Summer ;ResidentiaL;Not Implemented ;nabrU;Station D;145.4969376;11.34834117;22.61646399;13.87029953;10.77759038;5.414160096
2022;Izmir!!;AutumN;NATURAL;Implemented!!;urban;Station D;108.5239024;165.6856639;4.258614664;6.850947343;11.85417285;92.84185501
2022;aydin;WinteR;RESIDENTIAL;Not Implemented ;SuburbaN;B noitatS;166.8905981;86.20340423;89.88116189;33.1519854;7.070633172;15.68789266
2022;AydiN;Spring!!;INDUSTRIAL;detnemelpmI;Suburban ;Station D;79.98412434;112.7454699;22.64925318;83.26705569;5.938317457;14.01400186
2022; Aydin;remmuS;IndustriaL;Not Implemented ;NA; Station D;21.97433988;138.6871304;24.29831994;24.62910156;6.831204799;36.63572514
2022;Aydin ; Autumn; Industrial;detnemelpmI toN;Rural!!;STATION D;81.58576961;143.4996195;29.4009404;18.08262526;8.59789646;40.48879717
2022;Denizli!!;winter;NA!!;NA;Suburban ;STATION B;28.07587208;210.7998323;14.48599103;52.26046992;9.572673109;25.35850687
2022;denizli;Spring!!;INDUSTRIAL;Implemented ;Suburban!!;Station D ;90.91155448;110.9545911;64.64776255;79.50125944;5.040458112;60.58655779
2022; Denizli;Summer ;traffic;IMPLEMENTED;UrbaN;STATION D;74.96149378;85.94671469;9.364009411;112.9547628;13.98329548;47.07683931
2022;Denizli ;Autumn!!;Industrial!!;NOT IMPLEMENTED;Rural!!;station a;95.27343269;191.203689;15.15183778;25.52182752;5.874995809;8.246680959
2022;MANISA;NA;IndustriaL;ImplementeD;URBAN;Station A ;7.748174704;-145.2010391;65.18615921;18.39842803;8.145005175;35.36694591
2022;MANISA;gnirpS; Residential;not implemented; Suburban;STATION B;33.25187129;66.64856769;35.28674081;113.1456589;4.599379056;81.99112679
2022;MANISA;remmuS;industrial;NOT IMPLEMENTED; Suburban;station c;76.24291263;34.02820663;71.37888702;34.97663399;2.171948839;70.52164581
2022;ManisA;AutumN;NaturaL;IMPLEMENTED;UrbaN;A noitatS;142.8230164;170.0853553;56.62762498;NA;0.205236963;73.86273109
2022;Mugla!!;retniW;Traffic ;ImplementeD; Urban;STATION B;72.74797302;86.69595498;27.09007496;135.5919718;3.736367469;71.32110779
2022;MUGLA;gnirpS;Residential!!;ImplementeD;laruR;station d;66.53394378;135.4892471;65.78113915;93.84009805;5.146259399;34.54243703
2022;MuglA;remmuS;Traffic ;Implemented ;rural;Station D!!;108.6309329;99.45511968;13.39482067;24.41586477;3.861603527;14.4680726
2022;alguM;AN;NaturaL;Not ImplementeD;nabrubuS; Station B;92.54994981;47.79665816;54.56821754;99.50716781;4.540003757;30.88438248
2022;UsaK;winter;ResidentiaL;Implemented ;Rural ;Station D!!;58.01315012;na;44.84051429;93.46381431;9.808417374;84.01960352
2022;usak;Spring ;ResidentiaL;Implemented!!;laruR;station d;64.56837736;21.5297831;28.25161112;73.62314386;3.56769647;98.14472579
2022;UsaK;SummeR;INDUSTRIAL;Not ImplementeD;Suburban ;Station C ;36.56647083;88.53506738;61.19248978;43.77823404;4.5766111;51.9154664
2022;Usak!!;nmutuA; Traffic;not implemented;Suburban ;Station D;145.0731116;113.8568385;87.39069205;35.18848949;1.421803958;5.921533718
2023; Izmir;WinteR;NATURAL;NOT IMPLEMENTED;suburban;Station A;28.73038239;102.1338176;99.89266058;19.01725939;0.574781551;18.30425715
2023;IzmiR;Spring ; Natural;not implemented;SUBURBAN;Station D;58.91633376;152.2477133;61.56075134;63.62206269;7.776554194;35.59765466
2023;IZMIR; Summer;laitnediseR;detnemelpmI;UrbaN;Station B ;8.746650972;167.3057414;41.66117568;93.99650089;8.62464515;59.96560812
2023;izmir;nmutuA;INDUSTRIAL;ImplementeD;suburban;STATION C;37.15802633;156.5361841;24.07029582;46.32398391;7.63097758;12.13389635
2023;Aydin ;NA;Residential ;NOT IMPLEMENTED;SuburB;Station D;141.8019781;19.11190609;27.19541676;59.66629278;1.583641709;na
2023;AYDIN;Spring!!; Residential;not implemented; suburban;Station B!!;34.17040868;46.88446638;48.98658786;46.8041626;5.761104835;39.68294896
2023;aydin;SummeR;RESIDENTIAL;ImplementeD; Rural;Station A ;16.60919337;111.9554268;37.99321473;78.71569659;2.611060496;91.6955007
2023;nidyA;nmutuA;Residential!!;ImplementeD;nabrubuS;NA ;73.79571108;187.6161877;91.55382322;108.6448089;2.357811987;79.14957126
2023;Denizli ;WINTER;NaturaL;Implemented!!;Urban ;Station C;7.734646844;185.505966;38.09295583;31.00607918;0.321161309;76.76654089
2023;ilzineD;na; Natural;Implemented!!;Urban!!;NA!!;17.29109239;170.0815566;38.59756993;63.52061708;2.085559745;NA!!
2023; Denizli;Summer!!; Residential;IMPLEMENTED;Suburban!!;B noitatS;122.1057511;67.60955681;39.58638222;21.19988945;3.161754304;64.54446262
2023;denizli;Summer!!;RESIDENTIAL;detnemelpmI;SuburbaN;Station B ;122.1057511;67.60955681;39.58638222;21.19988945;NA!!;64.54446262
2023;ilzineD;AUTUMN;laitnediseR;not Implemented!!;Urban ;Station C;116.863635;91.59510044;83.98878062;99.92909368;1.885649595;65.61030735
2023; Manisa;retniW;INDUSTRIAL;not Implemented!!;ruraL; Station D;165.2341548;109.377543;65.77725544;88.82010859;9.85999856;64.72853177
2023;manisa;spring;Residential ;detnemelpmI ton;suburban;station a;128.9047382;39.90060084;62.18854733;112.1699642;3.15546322;57.60418198
2023;manisa;Summer!!;Natural ;not implemented;URBAN;STATION C;104.0604567;15.90294475;34.74601619;48.19135298;2.085310609;98.70933176
2023;asinaM;autumn; Traffic;Implemented!!;na;Station A ;12.58826431;189.9115509;82.15460933;148.5565753;;74.56760391
2023;mugla;Winter!!; Natural;Not Implemented ;Suburban ; Station B;142.2156595;61.3089304;5.759658413;12.27520726;5.918261961;78.8099069
2023;MUGLA;gnirpS;INDUSTRIAL; Implemented;Urban ; Station D;127.5990676;;87.33812289;96.65057257;1.101046329;87.88396743
2023;mugla; Summer;Natural ; Implemented;SUBURBAN;Station A ;120.8669111;25.84202022;52.24949018;11.57026272;8.638097888;25.48577746
2023;Mugla!!;Autumn!!;Traffic ;implemented!!;urbaN;;78.72946012;186.4164729;41.02852302;140.1192411;14.42827024;12.96139511
2023; Usak; Winter;laitnediseR;implemented;laruR;D noitatS;46.52491993;132.165057;50.72239351; NA;2.542799465;50.87497148
2023;usak;Spring!!;Traffic!!;implementeD;nabrU;station b;127.5728465;136.7370029;67.40672199;106.5675784;6.833914739;53.83766608
2023;Usak!!;Summer ;laitnediseR;implemented;URBAN;STATION A;110.4386074;183.1996086;3.251011799;130.8203019;0.478696598;83.7722691
2023;usak;nmutuA;residential;IMPLEMENTED;nabrubuS;Station B ;147.2103703;75.66783209;87.41208193;22.28572159;6.443031225;47.15944003
2021;denizli;WINTER;TraffiC;Implemented ;Rural!!;STATION A;39.27613046;110.310711;55.25377352;102.6082723;3.942517502;16.81280516
2023;asinaM; Summer;larutaN;not implemented;nabrU;Station C!!;104.0604567;15.90294475;34.74601619;48.19135298;2.085310609;98.70933176
